Datetime,Water Level (m)
2025-05-17 18:00:00,0.24593982
2025-05-17 19:00:00,0.47452807
2025-05-17 20:00:00,0.58486557
2025-05-17 21:00:00,0.56571114
2025-05-17 22:00:00,0.40438968
2025-05-17 23:00:00,0.14087884
2025-05-18 00:00:00,-0.05405845
2025-05-18 01:00:00,-0.20498379
2025-05-18 02:00:00,-0.31788263
2025-05-18 03:00:00,-0.40910167
2025-05-18 04:00:00,-0.44451723
2025-05-18 05:00:00,-0.22488102
2025-05-18 06:00:00,0.18824986
2025-05-18 07:00:00,0.50831497
2025-05-18 08:00:00,0.72976327
2025-05-18 09:00:00,0.8337781
2025-05-18 10:00:00,0.8174376
2025-05-18 11:00:00,0.6472125
2025-05-18 12:00:00,0.37315214
2025-05-18 13:00:00,0.1683932
2025-05-18 14:00:00,0.032525443
2025-05-18 15:00:00,-0.06602705
2025-05-18 16:00:00,-0.14785343
2025-05-18 17:00:00,-0.18540607
2025-05-18 18:00:00,-0.06844865
2025-05-18 19:00:00,0.2362952
2025-05-18 20:00:00,0.45531082
2025-05-18 21:00:00,0.53084093
2025-05-18 22:00:00,0.49269938
2025-05-18 23:00:00,0.33372343
2025-05-19 00:00:00,0.103146024
2025-05-19 01:00:00,-0.07957999
2025-05-19 02:00:00,-0.2164808
2025-05-19 03:00:00,-0.31370708
2025-05-19 04:00:00,-0.37783518
2025-05-19 05:00:00,-0.35690993
2025-05-19 06:00:00,-0.09622722
2025-05-19 07:00:00,0.26071724
2025-05-19 08:00:00,0.54342777
2025-05-19 09:00:00,0.730446
2025-05-19 10:00:00,0.81267333
2025-05-19 11:00:00,0.77006227
2025-05-19 12:00:00,0.58723444
2025-05-19 13:00:00,0.32868478
2025-05-19 14:00:00,0.13776349
2025-05-19 15:00:00,0.009255566
2025-05-19 16:00:00,-0.08302866
2025-05-19 17:00:00,-0.15468669
2025-05-19 18:00:00,-0.16768469
2025-05-19 19:00:00,-0.015879702
2025-05-19 20:00:00,0.28040224
2025-05-19 21:00:00,0.47740015
2025-05-19 22:00:00,0.5542316
2025-05-19 23:00:00,0.5450531
2025-05-20 00:00:00,0.4483934
2025-05-20 01:00:00,0.25982064
2025-05-20 02:00:00,0.0717579
2025-05-20 03:00:00,-0.07485217
2025-05-20 04:00:00,-0.1728237
2025-05-20 05:00:00,-0.23169799
2025-05-20 06:00:00,-0.21205838
2025-05-20 07:00:00,0.012761069
2025-05-20 08:00:00,0.3490873
2025-05-20 09:00:00,0.6175783
2025-05-20 10:00:00,0.78111905
2025-05-20 11:00:00,0.85143495
2025-05-20 12:00:00,0.81268823
2025-05-20 13:00:00,0.6565261
2025-05-20 14:00:00,0.41929206
2025-05-20 15:00:00,0.22678486
2025-05-20 16:00:00,0.08828985
2025-05-20 17:00:00,-0.020316776
2025-05-20 18:00:00,-0.114890486
2025-05-20 19:00:00,-0.1615767
2025-05-20 20:00:00,-0.065006584
2025-05-20 21:00:00,0.22495362
2025-05-20 22:00:00,0.476291
2025-05-20 23:00:00,0.60837
2025-05-21 00:00:00,0.63391584
2025-05-21 01:00:00,0.580289
2025-05-21 02:00:00,0.43246198
2025-05-21 03:00:00,0.2166417
2025-05-21 04:00:00,0.043783434
2025-05-21 05:00:00,-0.08488568
2025-05-21 06:00:00,-0.16853343
2025-05-21 07:00:00,-0.20270784
2025-05-21 08:00:00,-0.09099941
2025-05-21 09:00:00,0.25683796
2025-05-21 10:00:00,0.5727276
2025-05-21 11:00:00,0.7729463
2025-05-21 12:00:00,0.85855734
2025-05-21 13:00:00,0.8398726
2025-05-21 14:00:00,0.69459313
2025-05-21 15:00:00,0.45086396
2025-05-21 16:00:00,0.24216303
2025-05-21 17:00:00,0.087486066
2025-05-21 18:00:00,-0.033061884
2025-05-21 19:00:00,-0.14306809
2025-05-21 20:00:00,-0.21374492
2025-05-21 21:00:00,-0.16723537
2025-05-21 22:00:00,0.14625958
2025-05-21 23:00:00,0.48127726
2025-05-22 00:00:00,0.67612517
2025-05-22 01:00:00,0.75884295
2025-05-22 02:00:00,0.72252625
2025-05-22 03:00:00,0.56412446
2025-05-22 04:00:00,0.3152585
2025-05-22 05:00:00,0.12044974
2025-05-22 06:00:00,-0.013636196
2025-05-22 07:00:00,-0.102048084
2025-05-22 08:00:00,-0.15707931
2025-05-22 09:00:00,-0.10861344
2025-05-22 10:00:00,0.2071754
2025-05-22 11:00:00,0.5981481
2025-05-22 12:00:00,0.84859186
2025-05-22 13:00:00,0.9558077
2025-05-22 14:00:00,0.9373612
2025-05-22 15:00:00,0.779733
2025-05-22 16:00:00,0.49140498
2025-05-22 17:00:00,0.25161412
2025-05-22 18:00:00,0.075849645
2025-05-22 19:00:00,-0.060896005
2025-05-22 20:00:00,-0.18597323
2025-05-22 21:00:00,-0.27832323
2025-05-22 22:00:00,-0.25923246
2025-05-22 23:00:00,0.11264694
2025-05-23 00:00:00,0.5475567
2025-05-23 01:00:00,0.8003036
2025-05-23 02:00:00,0.9222776
2025-05-23 03:00:00,0.9086724
2025-05-23 04:00:00,0.73798394
2025-05-23 05:00:00,0.4457495
2025-05-23 06:00:00,0.21555753
2025-05-23 07:00:00,0.05455767
2025-05-23 08:00:00,-0.05849836
2025-05-23 09:00:00,-0.1511244
2025-05-23 10:00:00,-0.17898831
2025-05-23 11:00:00,0.056801517
2025-05-23 12:00:00,0.5401259
2025-05-23 13:00:00,0.8603658
2025-05-23 14:00:00,0.9970763
2025-05-23 15:00:00,0.98626786
2025-05-23 16:00:00,0.80178636
2025-05-23 17:00:00,0.47071534
2025-05-23 18:00:00,0.2218148
